4893,Kareem,Reilly,kareem.reilly,kareem.reilly@email.com,https://robohash.org/quiadolormollitia.png?size=300x300&set=set1,Genderqueer,1969-12-07,"East Bettina, Michigan, 20778, United States"
3277,Laverne,Roberts,laverne.roberts,laverne.roberts@email.com,https://robohash.org/ullamrerumconsequatur.png?size=300x300&set=set1,Genderqueer,2003-04-22,"Port Rafaelland, South Dakota, 85114, United States"
3318,Nickolas,Parker,nickolas.parker,nickolas.parker@email.com,https://robohash.org/suntvitaefugiat.png?size=300x300&set=set1,Male,1979-06-16,"Maxiemouth, Idaho, 66350-5556, United States"
753,Phil,Mayer,phil.mayer,phil.mayer@email.com,https://robohash.org/cupiditatesequiaccusantium.png?size=300x300&set=set1,Female,1970-04-26,"West Ta, New York, 44842-7181, United States"
5889,Maile,Weber,maile.weber,maile.weber@email.com,https://robohash.org/earumtemporibusid.png?size=300x300&set=set1,Polygender,1991-03-21,"South Charmaine, Maryland, 29818, United States"
5242,Elvin,Schultz,elvin.schultz,elvin.schultz@email.com,https://robohash.org/teneturhicquisquam.png?size=300x300&set=set1,Polygender,1962-04-30,"Port Quincy, Massachusetts, 11168, United States"
2684,Maryjane,Rolfson,maryjane.rolfson,maryjane.rolfson@email.com,https://robohash.org/nequequiiste.png?size=300x300&set=set1,Genderfluid,1961-06-14,"Port Robenaton, Wyoming, 40832, United States"
2707,Filiberto,Kautzer,filiberto.kautzer,filiberto.kautzer@email.com,https://robohash.org/enimdolorillum.png?size=300x300&set=set1,Male,1984-09-25,"Nitzschemouth, North Carolina, 89246, United States"
2042,Keitha,Lemke,keitha.lemke,keitha.lemke@email.com,https://robohash.org/quiseiusvoluptas.png?size=300x300&set=set1,Bigender,1981-04-09,"Wilsonside, Arizona, 09335, United States"
1491,Nell,Stracke,nell.stracke,nell.stracke@email.com,https://robohash.org/sequidelenitiat.png?size=300x300&set=set1,Female,2002-08-25,"Ornside, Oklahoma, 56742-7888, United States"
